,0
0,https://garden.org/pics/2022-11-28/purpleinopp/122922-250.jpg
1,https://garden.org/pics/2022-11-04/plantladylin/127c1e-250.jpg
2,https://garden.org/pics/2018-10-18/Fleur569/582a17-250.jpg
3,https://garden.org/pics/2019-05-08/dawiz1753/8d6c4d-250.jpg
4,https://garden.org/pics/2021-04-02/Calif_Sue/a42dc4-250.jpg
5,https://garden.org/pics/2020-07-22/KYgal/46abb4-250.jpg
6,https://garden.org/pics/2019-09-11/Gina1960/633394-250.jpg
7,https://garden.org/pics/2011-10-20/Paul2032/35cb24-250.jpg
8,https://garden.org/pics/2018-08-08/tx_flower_child/3e1f61-250.jpg
9,https://garden.org/pics/2022-11-28/purpleinopp/a46db6-250.jpg
10,https://garden.org/pics/2022-05-03/Joy/459317-250.jpg
11,https://garden.org/pics/2022-09-01/WebTucker/ef6be5-250.jpg
12,https://garden.org/pics/2019-09-11/Gina1960/77e585-250.jpg
13,https://garden.org/pics/2015-04-04/Paul2032/c28d08-250.jpg
14,https://garden.org/pics/2021-01-25/carlysuko/6be5eb-250.jpg
15,https://garden.org/pics/2012-12-31/Paul2032/e94a29-250.jpg
16,https://garden.org/pics/2021-09-20/sedumzz/386cc7-250.jpg
17,https://garden.org/pics/2014-02-23/Paul2032/4f9875-250.jpg
18,https://garden.org/pics/2023-01-06/sedumzz/4dfc4b-250.jpg
19,https://garden.org/pics/2019-09-11/Gina1960/ecae73-250.jpg
20,https://garden.org/pics/2022-09-01/WebTucker/850e9d-250.jpg
21,https://garden.org/pics/2019-10-17/christinereid54/59a5c7-250.jpg
22,https://garden.org/pics/2014-11-25/plantladylin/baef43-250.jpg
23,https://garden.org/pics/2017-12-14/csandt/8c05ac-250.jpg
24,https://garden.org/pics/2013-01-03/Paul2032/388ac2-250.jpg
25,https://garden.org/pics/2019-10-03/plantladylin/b1f0fd-250.jpg
26,https://garden.org/pics/2019-04-04/DaylilySLP/76c7c5-250.jpg
27,https://garden.org/pics/2019-05-14/dawiz1753/0c7657-250.jpg
28,https://garden.org/pics/2020-04-18/Davidov173/532b23-250.jpg
29,https://garden.org/pics/2015-06-09/freedombel/caf26f-250.jpg
30,https://garden.org/pics/2015-11-15/RuuddeBlock/d8759c-250.jpg
31,https://garden.org/pics/2011-11-15/Paul2032/4c7788-250.jpg
32,https://garden.org/pics/2019-09-11/Gina1960/44bd2b-250.jpg
33,https://garden.org/pics/2011-11-27/virginiarose/ad0801-250.jpg
34,https://garden.org/pics/2016-01-07/AgaveGirl1/b684ed-250.jpg
35,https://garden.org/pics/2023-01-06/sedumzz/87718f-250.jpg
36,https://garden.org/pics/2022-12-19/sedumzz/170f78-250.jpg
37,https://garden.org/pics/2014-11-25/BayouBeadery/0f5fe5-250.jpg
38,https://garden.org/pics/2014-11-25/plantladylin/42eafd-250.jpg
39,https://garden.org/pics/2014-11-25/plantladylin/730936-250.jpg
40,https://garden.org/pics/2022-10-21/Gina1960/d5253f-250.jpg
41,https://garden.org/pics/2018-02-08/csandt/b6cd95-250.jpg
42,https://garden.org/pics/2014-06-24/Paul2032/bbc54e-250.jpg
43,https://garden.org/pics/2014-05-13/bonitin/8a1719-250.jpg
44,https://garden.org/pics/2022-05-29/sedumzz/2d0320-250.jpg
45,https://garden.org/pics/2012-10-10/Paul2032/ac91fd-250.jpg
46,https://garden.org/pics/2013-02-19/Paul2032/68091d-250.jpg
47,https://garden.org/pics/2012-10-10/Paul2032/9c3c07-250.jpg
48,https://garden.org/pics/2016-02-29/Paul2032/3e974b-250.jpg
49,https://garden.org/pics/2021-05-25/sedumzz/17df3d-250.jpg
50,https://garden.org/pics/2016-01-19/vbprog/944980-250.jpg
51,https://garden.org/pics/2015-02-23/bonitin/59bf90-250.jpg
52,https://garden.org/pics/2013-01-03/Paul2032/fe1d81-250.jpg
53,https://garden.org/pics/2023-03-12/sedumzz/f79995-250.jpg
54,https://garden.org/pics/2023-03-12/sedumzz/8eb8cf-250.jpg
55,https://garden.org/pics/2019-04-04/DaylilySLP/bf8045-250.jpg
56,https://garden.org/pics/2020-07-22/KYgal/58c6c0-250.jpg
57,https://garden.org/pics/2018-01-07/csandt/dd50ac-250.jpg
58,https://garden.org/pics/2013-12-02/purpleinopp/a0192d-250.jpg
59,https://garden.org/pics/2014-10-17/jmorth/ecafa0-250.jpg
60,https://garden.org/pics/2017-03-27/BPadilla/96084d-250.jpg
61,https://garden.org/pics/2016-01-07/AgaveGirl1/d6ed0a-250.jpg
62,https://garden.org/pics/2023-01-06/sedumzz/83bc22-250.jpg
63,https://garden.org/pics/2012-01-05/Paul2032/d7a96f-250.jpg
64,https://garden.org/pics/2012-01-05/Paul2032/db3064-250.jpg
65,https://garden.org/pics/2020-08-19/Araceae/054efe-250.jpg
66,https://garden.org/pics/2012-01-05/Paul2032/cefeb3-250.jpg
67,https://garden.org/pics/2012-01-05/Paul2032/ad7a52-250.jpg
68,https://garden.org/pics/2015-02-05/Metrosideros/46c1fe-250.jpg
69,https://garden.org/pics/2014-11-29/jmorth/3ea959-250.jpg
70,https://garden.org/pics/2011-10-20/Paul2032/eb6601-250.jpg
71,https://garden.org/pics/2012-06-29/extranjera/1230a1-250.jpg
72,https://garden.org/pics/2013-10-16/Paul2032/063ce0-250.jpg
73,https://garden.org/pics/2014-01-10/purpleinopp/e069b4-250.jpg
74,https://garden.org/pics/2013-09-20/purpleinopp/aa0e01-250.jpg
75,https://garden.org/pics/2022-08-17/jooshewa/233b9c-250.jpg
76,https://garden.org/pics/2021-01-25/carlysuko/a546df-250.jpg
77,https://garden.org/pics/2013-01-10/Paul2032/fd3c0f-250.jpg
78,https://garden.org/pics/2014-05-13/bonitin/e8182c-250.jpg
79,https://garden.org/pics/2014-05-13/bonitin/b5c1bd-250.jpg
80,https://garden.org/pics/2014-05-13/bonitin/a050a4-250.jpg
81,https://garden.org/pics/2016-10-16/piksihk/cd1ba6-250.jpg
82,https://garden.org/pics/2020-08-20/Araceae/e0d380-250.jpg
83,https://garden.org/pics/2012-10-10/Paul2032/61370f-250.jpg
84,https://garden.org/pics/2013-02-19/Paul2032/c92cd2-250.jpg
85,https://garden.org/pics/2013-09-20/purpleinopp/a7e184-250.jpg
86,https://garden.org/pics/2016-02-29/Paul2032/00c160-250.jpg
87,https://garden.org/pics/2016-02-29/Paul2032/7bab3c-250.jpg
88,https://garden.org/pics/2013-11-11/Deebie/4bb090-250.jpg
89,https://garden.org/pics/2013-03-25/Paul2032/2a7e76-250.jpg
90,https://garden.org/pics/2016-05-28/Deebie/27f4cd-250.jpg
91,https://garden.org/pics/2017-12-14/csandt/ca83f4-250.jpg
92,https://garden.org/pics/2015-10-18/Deebie/9cd5d9-250.jpg
93,https://garden.org/pics/2022-06-06/sedumzz/944045-250.jpg
94,https://garden.org/pics/2022-11-27/sedumzz/b170e7-250.jpg
95,https://garden.org/pics/2015-10-18/Deebie/a3cade-250.jpg
96,https://garden.org/pics/2013-01-03/Paul2032/cf1e3a-250.jpg
97,https://garden.org/pics/2013-01-03/Paul2032/886615-250.jpg
98,https://garden.org/pics/2013-01-03/Paul2032/475514-250.jpg
99,https://garden.org/pics/2013-01-03/Paul2032/0ce974-250.jpg
100,https://garden.org/pics/2013-01-03/Paul2032/8815a8-250.jpg
101,https://garden.org/pics/2014-03-05/Paul2032/c15f87-250.jpg
102,https://garden.org/pics/2016-08-12/SpringGreenThumb/db26fe-250.jpg
103,https://garden.org/pics/2015-01-28/Paul2032/807530-250.jpg
104,https://garden.org/pics/2015-12-08/jmorth/4a814e-250.jpg
105,https://garden.org/pics/2019-04-04/DaylilySLP/410ab6-250.jpg
106,https://garden.org/pics/2019-05-14/dawiz1753/d146aa-250.jpg
107,https://garden.org/pics/2019-04-04/DaylilySLP/d49f69-250.jpg
108,https://garden.org/pics/2019-04-04/DaylilySLP/13320c-250.jpg
109,https://garden.org/pics/2019-04-04/DaylilySLP/40668e-250.jpg
110,https://garden.org/pics/2019-04-04/DaylilySLP/c89dc6-250.jpg
111,https://garden.org/pics/2019-04-04/DaylilySLP/032949-250.jpg
112,https://garden.org/pics/2014-02-23/Paul2032/79c13f-250.jpg
113,https://garden.org/pics/2011-10-20/Paul2032/c21f67-250.jpg
114,https://garden.org/pics/2019-10-09/csandt/764a02-250.jpg
115,https://garden.org/pics/2019-10-09/csandt/91532e-250.jpg
116,https://garden.org/pics/2013-12-29/sriitann/381dd9-250.jpg
117,https://garden.org/pics/2014-02-22/jmorth/5aaa18-250.jpg
118,https://garden.org/pics/2011-10-03/GardenGuyAZ/92bf6a-250.jpg
119,https://garden.org/pics/2019-05-21/dawiz1753/c967bb-250.jpg
120,https://garden.org/pics/2015-03-05/Metrosideros/cade80-250.jpg
121,https://garden.org/pics/2011-10-03/GardenGuyAZ/f38b1c-250.jpg
122,https://garden.org/pics/2016-01-07/AgaveGirl1/fd8b1a-250.jpg
123,https://garden.org/pics/2011-10-03/GardenGuyAZ/3695f7-250.jpg
124,https://garden.org/pics/2016-01-07/AgaveGirl1/bb3845-250.jpg
125,https://garden.org/pics/2012-01-05/Paul2032/171ee3-250.jpg
126,https://garden.org/pics/2014-11-29/jmorth/b35e6a-250.jpg
127,https://garden.org/pics/2016-04-14/merkuree/e2c35c-250.jpg
128,https://garden.org/pics/2014-01-10/purpleinopp/3aae73-250.jpg
129,https://garden.org/pics/2015-02-05/Metrosideros/017c8e-250.jpg
130,https://garden.org/pics/2016-03-18/eclayne/91e231-250.jpg
131,https://garden.org/pics/2019-06-26/dawiz1753/0d3e35-250.jpg
132,https://garden.org/pics/2014-01-23/Skiekitty/bbc081-250.jpg
133,https://garden.org/pics/2014-01-23/Skiekitty/4c87b4-250.jpg
134,https://garden.org/pics/2018-03-05/moth/4ed868-250.jpg
135,https://garden.org/pics/2013-01-10/Paul2032/a973b8-250.jpg
136,https://garden.org/pics/2014-05-13/bonitin/4c3f9f-250.jpg
137,https://garden.org/pics/2014-05-13/bonitin/2a073a-250.jpg
138,https://garden.org/pics/2014-05-13/bonitin/69801f-250.jpg
139,https://garden.org/pics/2014-05-13/bonitin/8fd2f0-250.jpg
140,https://garden.org/pics/2014-11-23/vbprog/e2230b-250.jpg
141,https://garden.org/pics/2012-10-10/Paul2032/20b4c1-250.jpg
142,https://garden.org/pics/2022-12-25/sedumzz/7c90d9-250.jpg
143,https://garden.org/pics/2013-11-11/Deebie/b76dd6-250.jpg
144,https://garden.org/pics/2013-01-03/Paul2032/9ce5ff-250.jpg
145,https://garden.org/pics/2014-03-05/Paul2032/51b355-250.jpg
146,https://garden.org/pics/2019-04-04/DaylilySLP/3bf401-250.jpg
147,https://garden.org/pics/2019-04-04/DaylilySLP/f87c47-250.jpg
148,https://garden.org/pics/2015-11-01/purpleinopp/039671-250.jpg
149,https://garden.org/pics/2015-11-01/purpleinopp/340820-250.jpg
150,https://garden.org/pics/2015-11-01/purpleinopp/67819a-250.jpg
151,https://garden.org/pics/2015-01-26/indoorplants/780f31-250.jpg
152,https://garden.org/pics/2014-03-23/jmorth/558026-250.jpg
153,https://garden.org/pics/2011-10-21/Paul2032/8210fe-250.jpg
154,https://garden.org/pics/2011-10-21/Paul2032/e9d14a-250.jpg
155,https://garden.org/pics/2011-11-15/Paul2032/f26a08-250.jpg
156,https://garden.org/pics/2014-10-17/jmorth/21a90c-250.jpg
157,https://garden.org/pics/2015-05-26/bonitin/901453-250.jpg
158,https://garden.org/pics/2016-12-09/Paul2032/1781d4-250.jpg
159,https://garden.org/pics/2016-12-09/Paul2032/b68908-250.jpg
160,https://garden.org/pics/2012-01-05/Paul2032/fd66cc-250.jpg
161,https://garden.org/pics/2015-11-22/jmorth/4b11a2-250.jpg
162,https://garden.org/pics/2015-11-22/jmorth/a6dc78-250.jpg
163,https://garden.org/pics/2015-11-22/jmorth/ef03cf-250.jpg
164,https://garden.org/pics/2013-10-16/Paul2032/ef4505-250.jpg
165,https://garden.org/pics/2014-12-26/Paul2032/0bb246-250.jpg
166,https://garden.org/pics/2014-05-13/bonitin/7b2377-250.jpg
167,https://garden.org/pics/2014-01-23/Paul2032/87a3e3-250.jpg
168,https://garden.org/pics/2016-08-26/jmorth/d06202-250.jpg
169,https://garden.org/pics/2013-03-25/robertduval14/719410-250.jpg
170,https://garden.org/pics/2016-01-19/vbprog/9b1b19-250.jpg
171,https://garden.org/pics/2013-01-03/Paul2032/621463-250.jpg
172,https://garden.org/pics/2014-03-05/Paul2032/6ec550-250.jpg
173,https://garden.org/pics/2015-01-28/Paul2032/b8ddb4-250.jpg
174,https://garden.org/pics/2015-01-28/Paul2032/b79344-250.jpg
175,https://garden.org/pics/2014-06-24/Paul2032/7fb8cb-250.jpg
176,https://garden.org/pics/2015-01-11/Paul2032/127a0a-250.jpg
177,https://garden.org/pics/2014-02-23/Paul2032/6fd777-250.jpg
178,https://garden.org/pics/2014-03-23/jmorth/6332f7-250.jpg
179,https://garden.org/pics/2015-05-25/bonitin/8bc62e-250.jpg
180,https://garden.org/pics/2011-10-22/bonitin/3aaab2-250.jpg
181,https://garden.org/pics/2015-05-26/bonitin/809339-250.jpg
